date,hour,sym,rule,n
2025-01-02,13,EURGBP,wide,21
2025-01-02,13,EURJPY,wide,11
2025-01-02,13,GBPUSD,wide,1
2025-01-03,15,EURJPY,wide,1
2025-01-03,15,USDJPY,wide,2
2025-01-07,15,EURGBP,wide,11
2025-01-07,15,EURJPY,wide,5
2025-01-07,15,EURUSD,wide,1
2025-01-07,15,USDJPY,wide,14
2025-01-08,13,EURGBP,wide,6
2025-01-08,13,EURJPY,wide,26
2025-01-08,13,EURUSD,wide,10
2025-01-08,13,USDJPY,wide,5
2025-01-10,13,EURGBP,wide,54
2025-01-10,13,EURJPY,wide,20
2025-01-10,13,EURUSD,jump,1
2025-01-10,13,EURUSD,wide,14
2025-01-10,13,GBPUSD,jump,1
2025-01-10,13,GBPUSD,wide,36
2025-01-10,13,USDJPY,jump,1
2025-01-10,13,USDJPY,wide,31
2025-01-10,14,EURJPY,wide,1
2025-01-10,15,EURJPY,wide,1
2025-01-14,13,EURGBP,wide,11
2025-01-14,13,EURJPY,wide,14
2025-01-14,13,EURUSD,wide,1
2025-01-14,13,GBPUSD,wide,4
2025-01-14,13,USDJPY,wide,5
2025-01-15,7,EURGBP,wide,39
2025-01-15,7,GBPUSD,wide,16
2025-01-15,13,EURGBP,wide,54
2025-01-15,13,EURJPY,wide,43
2025-01-15,13,EURUSD,wide,20
2025-01-15,13,GBPUSD,jump,1
2025-01-15,13,GBPUSD,wide,20
2025-01-15,13,USDJPY,wide,21
2025-01-16,7,EURGBP,wide,1
2025-01-16,7,GBPUSD,wide,8
2025-01-16,13,EURGBP,wide,22
2025-01-16,13,EURJPY,wide,20
2025-01-16,13,EURUSD,wide,1
2025-01-16,13,GBPUSD,wide,5
2025-01-16,13,USDJPY,wide,15
2025-01-17,7,EURGBP,wide,1
2025-01-17,7,GBPUSD,wide,1
2025-01-20,13,EURUSD,wide,1
2025-01-23,16,EURUSD,wide,1
2025-01-24,8,EURGBP,wide,22
2025-01-24,8,EURUSD,wide,4
2025-01-24,14,EURJPY,wide,2
2025-01-24,14,EURUSD,wide,5
2025-01-24,14,GBPUSD,wide,1
2025-01-24,14,USDJPY,wide,11
2025-01-30,13,EURGBP,wide,10
2025-01-30,13,EURJPY,wide,5
2025-01-30,13,EURUSD,wide,4
2025-01-30,13,GBPUSD,wide,14
2025-01-30,13,USDJPY,wide,2
2025-01-31,13,EURGBP,wide,4
2025-02-03,15,EURGBP,wide,5
2025-02-03,15,EURUSD,wide,1
2025-02-03,15,GBPUSD,wide,2
2025-02-03,15,USDJPY,wide,1
2025-02-04,15,EURUSD,wide,1
2025-02-04,15,USDJPY,wide,1
2025-02-05,13,EURGBP,wide,2
2025-02-05,13,EURJPY,wide,2
2025-02-05,13,USDJPY,wide,1
2025-02-05,15,EURGBP,wide,19
2025-02-05,15,EURJPY,wide,9
2025-02-05,15,EURUSD,wide,1
2025-02-05,15,GBPUSD,wide,1
2025-02-05,15,USDJPY,wide,17
2025-02-06,12,EURGBP,wide,5
2025-02-06,12,GBPUSD,wide,1
2025-02-06,13,EURGBP,wide,4
2025-02-07,13,EURGBP,wide,31
2025-02-07,13,EURJPY,wide,49
2025-02-07,13,EURUSD,wide,13
2025-02-07,13,GBPUSD,wide,17
2025-02-07,13,USDJPY,jump,1
2025-02-07,13,USDJPY,wide,16
2025-02-07,15,GBPUSD,wide,1
2025-02-12,13,EURGBP,wide,73
2025-02-12,13,EURJPY,wide,119
2025-02-12,13,EURUSD,jump,1
2025-02-12,13,EURUSD,wide,10
2025-02-12,13,GBPUSD,jump,1
2025-02-12,13,GBPUSD,wide,28
2025-02-12,13,USDJPY,jump,1
2025-02-12,13,USDJPY,wide,19
2025-02-13,7,EURGBP,wide,2
2025-02-13,7,GBPUSD,wide,4
2025-02-13,13,EURGBP,wide,25
2025-02-13,13,EURJPY,wide,9
2025-02-13,13,EURUSD,wide,1
2025-02-13,13,GBPUSD,wide,24
2025-02-13,13,USDJPY,wide,14
2025-02-14,13,EURGBP,wide,1
2025-02-14,13,EURJPY,wide,3
2025-02-14,13,USDJPY,wide,1
2025-02-17,16,GBPUSD,gap,1
2025-02-18,7,EURGBP,wide,9
2025-02-18,7,GBPUSD,wide,12
2025-02-19,7,EURGBP,wide,28
2025-02-19,7,GBPUSD,wide,7
2025-02-21,7,GBPUSD,wide,1
2025-02-21,8,EURGBP,wide,17
2025-02-21,8,EURJPY,wide,7
2025-02-21,8,EURUSD,wide,12
2025-02-21,9,GBPUSD,wide,1
2025-02-21,14,EURGBP,wide,14
2025-02-21,14,EURJPY,wide,4
2025-02-21,14,EURUSD,wide,2
2025-02-21,14,GBPUSD,wide,1
2025-02-21,14,USDJPY,wide,2
2025-02-27,13,EURGBP,wide,6
2025-02-27,13,EURJPY,wide,31
2025-02-27,13,EURUSD,wide,3
2025-02-27,13,GBPUSD,wide,14
2025-02-27,13,USDJPY,wide,1
2025-03-03,10,GBPUSD,gap,1
2025-03-03,12,EURGBP,gap,1
2025-03-03,12,EURJPY,gap,1
2025-03-03,12,EURUSD,gap,1
2025-03-03,12,GBPUSD,gap,1
2025-03-03,12,USDJPY,gap,1
2025-03-03,15,EURJPY,wide,3
2025-03-05,13,EURGBP,wide,3
2025-03-05,13,EURJPY,wide,5
2025-03-05,13,USDJPY,wide,11
2025-03-05,15,EURGBP,wide,32
2025-03-05,15,EURJPY,wide,30
2025-03-05,15,EURUSD,wide,7
2025-03-05,15,GBPUSD,wide,9
2025-03-05,15,USDJPY,wide,9
2025-03-05,16,EURJPY,wide,4
2025-03-06,13,EURGBP,wide,19
2025-03-06,13,EURUSD,wide,1
2025-03-07,13,EURGBP,wide,52
2025-03-07,13,EURJPY,wide,80
2025-03-07,13,EURUSD,wide,30
2025-03-07,13,GBPUSD,wide,23
2025-03-07,13,USDJPY,wide,35
2025-03-11,14,EURGBP,wide,9
2025-03-11,14,EURJPY,wide,10
2025-03-11,14,GBPUSD,wide,3
2025-03-11,14,USDJPY,wide,6
2025-03-12,12,EURGBP,wide,93
2025-03-12,12,EURJPY,wide,58
2025-03-12,12,EURUSD,jump,1
2025-03-12,12,EURUSD,wide,12
2025-03-12,12,GBPUSD,jump,1
2025-03-12,12,GBPUSD,wide,19
2025-03-12,12,USDJPY,jump,1
2025-03-12,12,USDJPY,wide,25
2025-03-13,12,EURGBP,wide,9
2025-03-13,12,EURJPY,wide,24
2025-03-13,12,EURUSD,wide,10
2025-03-13,12,GBPUSD,wide,6
2025-03-13,12,USDJPY,wide,15
2025-03-14,7,EURGBP,wide,21
2025-03-14,7,GBPUSD,wide,12
2025-03-14,14,USDJPY,wide,1
2025-03-17,12,EURGBP,wide,32
2025-03-17,12,EURJPY,wide,11
2025-03-17,12,EURUSD,wide,2
2025-03-17,12,GBPUSD,wide,3
2025-03-17,12,USDJPY,wide,11
2025-03-20,11,GBPUSD,wide,1
2025-03-20,12,EURGBP,wide,4
2025-03-20,12,GBPUSD,wide,4
2025-03-24,8,EURGBP,wide,1
2025-03-24,8,EURUSD,wide,2
2025-03-26,7,EURGBP,wide,1
2025-03-26,7,GBPUSD,wide,2
2025-03-27,12,EURJPY,wide,2
2025-03-28,7,EURGBP,wide,1
2025-03-28,7,GBPUSD,wide,2
2025-03-28,12,EURJPY,wide,30
2025-04-01,14,EURGBP,wide,3
2025-04-01,14,EURUSD,wide,1
2025-04-02,12,EURGBP,wide,2
2025-04-02,12,EURJPY,wide,2
2025-04-02,12,EURUSD,wide,1
2025-04-03,10,EURJPY,wide,2
2025-04-03,10,EURUSD,wide,2
2025-04-03,12,EURGBP,wide,6
2025-04-03,12,EURJPY,wide,39
2025-04-03,12,EURUSD,wide,10
2025-04-03,13,EURGBP,wide,4
2025-04-03,13,EURJPY,wide,4
2025-04-03,13,EURUSD,wide,3
2025-04-03,13,USDJPY,wide,2
2025-04-03,14,EURGBP,wide,24
2025-04-03,14,EURJPY,wide,16
2025-04-03,14,EURUSD,wide,8
2025-04-03,14,GBPUSD,wide,1
2025-04-03,14,USDJPY,wide,2
2025-04-04,12,EURGBP,wide,54
2025-04-04,12,EURJPY,wide,24
2025-04-04,12,EURUSD,wide,30
2025-04-04,12,GBPUSD,wide,40
2025-04-04,12,USDJPY,wide,32
2025-04-04,16,EURGBP,gap,1
2025-04-04,16,EURJPY,gap,1
2025-04-04,16,GBPUSD,gap,1
2025-04-04,16,USDJPY,gap,1
2025-04-07,12,USDJPY,wide,7
2025-04-07,14,EURGBP,wide,2
2025-04-07,14,EURJPY,wide,2
2025-04-07,14,GBPUSD,wide,1
2025-04-07,14,USDJPY,wide,3
2025-04-07,15,EURJPY,wide,1
2025-04-07,15,GBPUSD,wide,1
2025-04-07,15,USDJPY,wide,26
2025-04-09,10,USDJPY,wide,1
2025-04-10,12,EURGBP,wide,80
2025-04-10,12,EURJPY,wide,77
2025-04-10,12,EURUSD,wide,16
2025-04-10,12,GBPUSD,wide,30
2025-04-10,12,USDJPY,wide,16
2025-04-11,8,EURJPY,wide,1
2025-04-11,12,EURGBP,wide,18
2025-04-11,12,EURJPY,wide,27
2025-04-11,12,EURUSD,wide,42
2025-04-11,12,GBPUSD,wide,84
2025-04-11,12,USDJPY,wide,15
2025-04-11,13,EURGBP,wide,1
2025-04-11,13,USDJPY,wide,1
2025-04-11,14,EURGBP,wide,34
2025-04-11,14,EURJPY,wide,2
2025-04-11,14,EURUSD,wide,5
2025-04-11,14,GBPUSD,wide,6
2025-04-11,14,USDJPY,wide,20
2025-04-16,12,EURGBP,wide,8
2025-04-16,14,EURGBP,gap,1
2025-04-16,14,EURJPY,gap,1
2025-04-16,14,EURUSD,gap,1
2025-04-16,14,GBPUSD,gap,1
2025-04-16,14,USDJPY,gap,1
2025-04-17,12,EURGBP,wide,14
2025-04-17,12,EURJPY,wide,1
2025-04-17,12,EURUSD,wide,5
2025-04-18,7,EURGBP,wide,1056
2025-04-18,7,EURJPY,wide,643
2025-04-18,7,EURUSD,wide,170
2025-04-18,7,GBPUSD,wide,76
2025-04-18,7,USDJPY,gap,1
2025-04-18,8,GBPUSD,wide,32
2025-04-18,13,EURGBP,wide,90
2025-04-18,13,EURJPY,wide,23
2025-04-18,13,EURUSD,wide,116
2025-04-18,13,USDJPY,gap,1
2025-04-18,13,USDJPY,wide,1
2025-04-23,7,EURGBP,wide,5
2025-04-23,7,EURUSD,wide,1
2025-04-23,13,EURGBP,wide,2
2025-04-23,13,EURUSD,wide,1
2025-04-24,12,EURGBP,wide,2
2025-04-24,12,EURJPY,wide,7
2025-04-29,13,EURGBP,wide,1
2025-04-29,13,EURUSD,wide,2
2025-04-29,14,EURGBP,wide,18
2025-04-29,14,EURJPY,wide,2
2025-04-29,14,EURUSD,wide,4
2025-04-29,14,GBPUSD,wide,1
2025-04-29,14,USDJPY,wide,3
2025-04-30,12,EURGBP,wide,28
2025-04-30,12,EURJPY,wide,20
2025-04-30,12,EURUSD,wide,11
2025-04-30,12,GBPUSD,wide,3
2025-04-30,12,USDJPY,wide,3
2025-05-01,12,EURGBP,wide,1
2025-05-01,12,EURJPY,wide,9
2025-05-01,12,USDJPY,wide,8
2025-05-01,14,EURJPY,wide,14
2025-05-01,14,EURUSD,wide,4
2025-05-01,14,USDJPY,wide,9
2025-05-02,12,EURGBP,wide,49
2025-05-02,12,EURJPY,wide,80
2025-05-02,12,EURUSD,wide,31
2025-05-02,12,GBPUSD,wide,6
2025-05-02,12,USDJPY,wide,23
2025-05-05,14,EURUSD,wide,6
2025-05-05,14,USDJPY,wide,17
2025-05-13,12,EURGBP,wide,13
2025-05-13,12,EURJPY,wide,8
2025-05-13,12,EURUSD,wide,7
2025-05-13,12,GBPUSD,wide,9
2025-05-13,12,USDJPY,wide,5
2025-05-15,12,EURGBP,wide,6
2025-05-15,12,EURUSD,wide,2
2025-05-22,7,EURUSD,wide,1
2025-05-22,13,USDJPY,wide,2
2025-05-26,16,GBPUSD,gap,1
2025-05-29,12,EURJPY,wide,12
2025-05-29,12,USDJPY,wide,8
2025-05-30,12,EURGBP,wide,21
2025-06-02,14,EURGBP,wide,13
2025-06-03,14,EURGBP,wide,14
2025-06-03,14,EURJPY,wide,9
2025-06-03,14,EURUSD,wide,3
2025-06-03,14,USDJPY,wide,3
2025-06-04,14,EURJPY,wide,22
2025-06-04,14,EURUSD,wide,1
2025-06-04,14,GBPUSD,wide,14
2025-06-04,14,USDJPY,wide,17
2025-06-05,12,EURGBP,wide,12
2025-06-05,12,EURUSD,wide,11
2025-06-06,12,EURGBP,wide,53
2025-06-06,12,EURJPY,wide,43
2025-06-06,12,EURUSD,wide,17
2025-06-06,12,GBPUSD,wide,10
2025-06-06,12,USDJPY,wide,27
2025-06-09,7,EURUSD,gap,1
2025-06-09,16,EURJPY,gap,1
2025-06-10,16,EURGBP,gap,1
2025-06-11,12,EURGBP,wide,18
2025-06-11,12,EURJPY,wide,7
2025-06-11,12,EURUSD,wide,12
2025-06-11,12,GBPUSD,wide,2
2025-06-11,12,USDJPY,wide,14
2025-06-12,12,EURGBP,wide,19
2025-06-12,12,EURJPY,wide,15
2025-06-12,12,EURUSD,wide,11
2025-06-12,12,USDJPY,wide,10
2025-06-13,16,GBPUSD,gap,1
2025-06-17,12,EURGBP,wide,2
2025-06-17,12,EURJPY,wide,12
2025-06-17,12,USDJPY,wide,3
2025-06-19,11,GBPUSD,wide,2
2025-06-19,16,EURGBP,gap,1
2025-06-23,7,EURUSD,wide,1
2025-06-27,12,EURUSD,wide,1
2025-07-01,8,EURUSD,wide,1
2025-07-01,13,EURGBP,wide,2
2025-07-01,13,EURJPY,wide,3
2025-07-01,13,EURUSD,wide,1
2025-07-01,13,USDJPY,wide,4
2025-07-01,14,EURGBP,wide,2
2025-07-01,14,EURJPY,wide,10
2025-07-01,14,EURUSD,wide,2
2025-07-01,14,GBPUSD,wide,1
2025-07-01,14,USDJPY,wide,15
2025-07-02,12,EURGBP,wide,10
2025-07-02,12,EURJPY,wide,1
2025-07-03,12,EURGBP,wide,1
2025-07-03,12,EURJPY,wide,10
2025-07-03,12,EURUSD,wide,5
2025-07-03,12,USDJPY,jump,1
2025-07-03,12,USDJPY,wide,52
2025-07-03,14,EURUSD,wide,6
2025-07-04,13,EURUSD,gap,1
2025-07-04,15,EURUSD,gap,1
2025-07-04,16,EURJPY,gap,2
2025-07-04,16,GBPUSD,gap,1
2025-07-10,12,USDJPY,wide,1
2025-07-15,12,EURGBP,wide,6
2025-07-15,12,EURJPY,wide,6
2025-07-15,12,EURUSD,wide,5
2025-07-15,12,GBPUSD,wide,1
2025-07-15,12,USDJPY,wide,4
2025-07-16,12,EURGBP,wide,1
2025-07-16,12,GBPUSD,wide,3
2025-07-16,15,EURJPY,wide,6
2025-07-16,15,EURUSD,wide,11
2025-07-16,15,GBPUSD,wide,2
2025-07-16,15,USDJPY,wide,7
2025-07-17,11,EURUSD,gap,1
2025-07-17,12,EURJPY,wide,13
2025-07-17,12,EURUSD,wide,3
2025-07-17,12,GBPUSD,wide,15
2025-07-22,10,EURUSD,gap,1
2025-07-22,10,GBPUSD,gap,2
2025-07-24,12,USDJPY,wide,4
2025-07-24,13,EURUSD,wide,2
2025-07-30,12,EURGBP,wide,3
2025-07-30,12,EURJPY,wide,9
2025-07-31,12,EURUSD,wide,9
2025-08-01,12,EURGBP,wide,29
2025-08-01,12,EURJPY,wide,30
2025-08-01,12,EURUSD,wide,80
2025-08-01,12,GBPUSD,wide,10
2025-08-01,12,USDJPY,wide,26
2025-08-01,13,EURGBP,wide,1
2025-08-01,13,EURJPY,wide,5
2025-08-01,14,EURGBP,wide,2
2025-08-01,14,EURJPY,wide,22
2025-08-01,14,USDJPY,wide,16
2025-08-05,13,GBPUSD,wide,4
2025-08-05,14,EURGBP,wide,4
2025-08-05,14,EURJPY,wide,15
2025-08-05,14,EURUSD,wide,12
2025-08-05,14,GBPUSD,wide,18
2025-08-05,14,USDJPY,wide,5
2025-08-07,11,EURGBP,wide,2
2025-08-07,11,GBPUSD,wide,3
2025-08-07,12,EURJPY,wide,2
2025-08-07,12,USDJPY,wide,5
2025-08-12,12,EURGBP,wide,6
2025-08-12,12,EURJPY,wide,20
2025-08-12,12,EURUSD,wide,13
2025-08-12,12,GBPUSD,wide,6
2025-08-12,12,USDJPY,wide,9
2025-08-14,12,EURGBP,wide,11
2025-08-14,12,EURJPY,wide,17
2025-08-14,12,EURUSD,wide,11
2025-08-14,12,GBPUSD,wide,4
2025-08-14,12,USDJPY,wide,10
2025-08-15,12,EURGBP,wide,1
2025-08-15,12,EURJPY,wide,1
2025-08-15,12,EURUSD,wide,16
2025-08-21,12,EURJPY,wide,26
2025-08-21,12,EURUSD,wide,3
2025-08-21,13,EURJPY,wide,1
2025-08-21,13,USDJPY,wide,1
2025-08-22,14,EURUSD,wide,14
2025-08-22,14,GBPUSD,wide,13
2025-08-27,10,EURGBP,gap,1
2025-08-28,12,EURUSD,wide,2
2025-09-01,15,EURGBP,gap,1
2025-09-01,16,USDJPY,gap,1
2025-09-03,14,GBPUSD,wide,4
2025-09-04,12,EURJPY,wide,9
2025-09-04,12,USDJPY,wide,17
2025-09-04,14,EURGBP,wide,5
2025-09-04,14,EURJPY,wide,3
2025-09-04,14,EURUSD,wide,13
2025-09-04,14,GBPUSD,wide,14
2025-09-04,14,USDJPY,wide,16
2025-09-05,12,EURGBP,wide,47
2025-09-05,12,EURJPY,wide,42
2025-09-05,12,EURUSD,wide,12
2025-09-05,12,GBPUSD,wide,15
2025-09-05,12,USDJPY,wide,23
2025-09-10,12,EURGBP,wide,4
2025-09-10,12,EURJPY,wide,10
2025-09-10,12,EURUSD,wide,9
2025-09-10,12,GBPUSD,wide,1
2025-09-10,12,USDJPY,wide,6
2025-09-11,12,EURGBP,wide,8
2025-09-11,12,EURJPY,wide,68
2025-09-11,12,EURUSD,wide,12
2025-09-11,12,USDJPY,wide,15
2025-09-16,12,EURGBP,wide,3
2025-09-16,12,USDJPY,wide,1
2025-09-18,12,EURJPY,wide,10
2025-09-23,7,EURUSD,wide,3
2025-09-23,8,GBPUSD,wide,1
2025-09-25,12,EURUSD,wide,4
2025-10-03,14,EURGBP,wide,1
2025-10-03,14,USDJPY,wide,6
2025-10-24,7,EURUSD,wide,1
2025-10-24,10,GBPUSD,gap,1
2025-10-24,12,EURGBP,wide,18
2025-10-24,12,EURJPY,wide,25
2025-10-24,12,EURUSD,wide,9
2025-10-24,12,GBPUSD,jump,1
2025-10-24,12,GBPUSD,wide,4
2025-10-24,12,USDJPY,jump,1
2025-10-24,12,USDJPY,wide,7
2025-10-24,13,GBPUSD,wide,2
2025-10-24,13,USDJPY,wide,1
2025-10-27,11,EURUSD,gap,1
2025-10-27,16,EURGBP,gap,1
2025-10-27,16,EURJPY,gap,1
2025-10-27,16,EURUSD,gap,1
2025-10-27,16,USDJPY,gap,1
2025-10-30,10,EURGBP,gap,1
2025-11-03,15,EURJPY,wide,1
2025-11-03,15,GBPUSD,wide,1
2025-11-03,15,USDJPY,wide,1
2025-11-05,11,GBPUSD,gap,1
2025-11-05,15,EURUSD,wide,1
2025-11-05,15,GBPUSD,wide,1
2025-11-05,15,USDJPY,wide,1
2025-11-06,11,EURUSD,gap,1
2025-11-18,11,EURUSD,gap,1
2025-11-20,13,EURJPY,wide,4
2025-11-20,13,USDJPY,wide,5
2025-11-26,13,EURJPY,wide,4
2025-11-26,13,EURUSD,wide,1
2025-11-27,16,EURGBP,gap,1
2025-11-27,16,EURUSD,gap,1
2025-11-27,16,GBPUSD,gap,1
2025-11-27,16,USDJPY,gap,1
2025-11-28,7,EURUSD,wide,6
2025-11-28,8,EURJPY,wide,26
2025-11-28,8,EURUSD,wide,1
2025-11-28,9,EURJPY,wide,18
2025-11-28,9,EURUSD,wide,828
2025-11-28,13,USDJPY,gap,1
2025-12-01,7,EURGBP,gap,1
2025-12-01,7,EURJPY,gap,1
2025-12-01,7,EURUSD,gap,1
2025-12-01,7,GBPUSD,gap,1
2025-12-01,7,USDJPY,gap,1
2025-12-01,15,USDJPY,wide,9
2025-12-03,13,USDJPY,wide,5
2025-12-03,15,USDJPY,wide,6
2025-12-09,15,GBPUSD,wide,1
2025-12-09,15,USDJPY,wide,1
2025-12-15,7,EURUSD,gap,1
2025-12-15,12,EURGBP,gap,1
2025-12-16,13,USDJPY,wide,6
2025-12-18,13,EURJPY,wide,13
2025-12-18,13,USDJPY,wide,4
2025-12-25,7,EURGBP,gap,15
2025-12-25,7,EURGBP,wide,177
2025-12-25,7,EURJPY,gap,16
2025-12-25,7,EURJPY,wide,59
2025-12-25,7,EURUSD,gap,13
2025-12-25,7,EURUSD,wide,172
2025-12-25,7,GBPUSD,gap,6
2025-12-25,7,GBPUSD,wide,33
2025-12-25,7,USDJPY,gap,19
2025-12-25,7,USDJPY,wide,81
