half,th,l,h,n,s,s2,mean_bp
H1,0.25,0,10,398187,-387295.19739228894,460037.7272090908,-0.9726465138045415
H1,0.25,0,50,231214,-210031.94838182823,269278.66265991813,-0.9083876771381847
H1,0.25,0,300,89477,-76795.41958956237,166752.26150162515,-0.8582699418796157
H1,0.25,1,10,388054,-399798.4290680563,492571.81031784805,-1.030264934952497
H1,0.25,1,50,229230,-221743.48843180158,288641.0217826254,-0.9673406117515229
H1,0.25,1,300,89269,-82356.02408955873,174406.29510437392,-0.9225601730674561
H1,0.25,5,10,355056,-365125.23750734754,441045.19099758397,-1.028359575693264
H1,0.25,5,50,221873,-217125.96303102505,281753.3600477161,-0.9786047109428594
H1,0.25,5,300,88511,-83238.3265468068,175194.00422849527,-0.9404291731740326
H1,0.25,10,10,324670,-331800.461386409,395836.3870509557,-1.0219621812499122
H1,0.25,10,50,213840,-209959.2832275059,271707.7509287357,-0.9818522410564249
H1,0.25,10,300,87598,-82708.00895350396,172729.2181189753,-0.9441769099009562
H1,0.5,0,10,65445,-76566.77655422551,128692.47898910326,-1.1699408137248912
H1,0.5,0,50,37801,-39317.27686076867,73215.71447374164,-1.0401120832985546
H1,0.5,0,300,18498,-16454.157890712606,57086.5534642439,-0.8895101032929292
H1,0.5,1,10,63622,-82140.62018309534,146672.4645084451,-1.2910725878327518
H1,0.5,1,50,37567,-43351.878483534136,81114.64468346824,-1.1539883004640812
H1,0.5,1,300,18472,-18918.727247389375,60627.98898674179,-1.0241840216213391
H1,0.5,5,10,57821,-73332.35925725673,127747.24975558565,-1.2682651503304463
H1,0.5,5,50,36436,-42442.52293472003,78957.17668424538,-1.1648513265649365
H1,0.5,5,300,18371,-19342.424476849425,60681.27733206467,-1.052878149085484
H1,0.5,10,10,52613,-65543.34529264587,111770.81409244721,-1.2457633150104703
H1,0.5,10,50,35253,-40843.685817630096,75514.0722648963,-1.1585875192928288
H1,0.5,10,300,18251,-19203.68724946291,59925.738404212265,-1.0521991808373738
H1,0.75,0,10,36863,-43325.61369267979,76852.58688884019,-1.1753143719360821
H1,0.75,0,50,18851,-20215.034821090583,41227.03928650446,-1.0723587513177328
H1,0.75,0,300,7180,-6955.61539488426,29529.18410599411,-0.9687486622401477
H1,0.75,1,10,35778,-46629.76892339787,89191.03076841234,-1.3033084276202658
H1,0.75,1,50,18634,-22190.524588591248,46119.94549316737,-1.1908621116556428
H1,0.75,1,300,7164,-7980.708042657181,31443.525413875217,-1.1140016809962565
H1,0.75,5,10,31994,-41217.32618241732,76730.79827332789,-1.2882829962623403
H1,0.75,5,50,17934,-21621.27103577654,43597.28551641129,-1.2056022658512624
H1,0.75,5,300,7108,-8111.816984911123,32033.177199625658,-1.1412235488057292
H1,0.75,10,10,28528,-36464.30877292832,67431.28309464935,-1.2781936614178464
H1,0.75,10,50,17168,-20821.588168839833,42693.83188261372,-1.212813849536337
H1,0.75,10,300,7037,-8143.878792478244,32621.207333913335,-1.1572941299528554
H1,1.0,0,10,9727,-15033.924718271717,37013.58054602312,-1.545586996840929
H1,1.0,0,50,5176,-6937.786286700224,19385.89336949974,-1.340376021387215
H1,1.0,0,300,2504,-2667.267031128941,18445.017427820057,-1.0652024884700244
H1,1.0,1,10,9412,-17020.979571423843,44409.18235780831,-1.8084338686170678
H1,1.0,1,50,5134,-8070.050086994245,22660.27223178218,-1.571883538565299
H1,1.0,1,300,2499,-3208.493959498935,20077.934976762423,-1.2839111482588776
H1,1.0,5,10,8397,-15021.774930767673,39277.191636119074,-1.7889454484658418
H1,1.0,5,50,4982,-7972.81949339111,22731.35692339965,-1.6003250689263568
H1,1.0,5,300,2480,-3339.5364676738327,19889.58560569663,-1.346587285352352
H1,1.0,10,10,7566,-13381.541101950175,34646.109141971945,-1.76864143562651
H1,1.0,10,50,4802,-7776.192511084693,22822.4451135603,-1.6193653709047675
H1,1.0,10,300,2455,-3313.240723239522,19450.237167447656,-1.3495888893032677
H1,1.5,0,10,1953,-4240.54861552991,16011.182290052666,-2.171299854341992
H1,1.5,0,50,1041,-1930.9542563216798,8439.302443477709,-1.8549032241322574
H1,1.5,0,300,534,-631.7236837987476,9899.105914133595,-1.1830031531811753
H1,1.5,1,10,1882,-4667.954787503016,17819.583681441338,-2.4803160401184994
H1,1.5,1,50,1032,-2234.733355959564,9459.419072688077,-2.1654392984104303
H1,1.5,1,300,534,-782.8365537010785,10413.084112586272,-1.4659860556199973
H1,1.5,5,10,1684,-4269.74664885934,16452.692124284506,-2.5354790076361877
H1,1.5,5,50,999,-2269.2523535481937,10067.001010067774,-2.2715238774256195
H1,1.5,5,300,532,-905.122445997849,10773.527606319118,-1.7013579811989643
H1,1.5,10,10,1504,-3758.9196206623296,14433.152634705892,-2.4992816626744214
H1,1.5,10,50,959,-2217.048540233807,10135.920460261405,-2.3118337228715404
H1,1.5,10,300,528,-916.6445864373068,10911.763667787593,-1.7360692924948993
H2,0.25,0,10,217384,-157732.19980431555,146329.94370025315,-0.7255924990078182
H2,0.25,0,50,151039,-103775.81079640167,104552.53301483026,-0.6870795675050925
H2,0.25,0,300,73523,-49515.88185935987,83557.50260328712,-0.6734747202829029
H2,0.25,1,10,213665,-167283.4112290454,158153.44824713495,-0.7829237883090137
H2,0.25,1,50,150178,-112859.45449213583,115137.36889126855,-0.7515045778485253
H2,0.25,1,300,73396,-54467.31319585163,88936.05336639394,-0.7421019292039298
H2,0.25,5,10,201608,-160443.08854034374,150874.72973315624,-0.7958170734313308
H2,0.25,5,50,146827,-113387.1478708968,116139.57267815631,-0.772249980391187
H2,0.25,5,300,72901,-55768.00000807875,89901.23830574675,-0.764982647811124
H2,0.25,10,10,189913,-150864.41367721732,139561.98264998986,-0.7943869754951863
H2,0.25,10,50,143031,-111166.73717984675,113291.52078805146,-0.7772212819587834
H2,0.25,10,300,72274,-55834.492423385345,89927.29649638159,-0.7725391208925111
H2,0.5,0,10,21883,-18110.827471348384,26234.86420796869,-0.8276208687724893
H2,0.5,0,50,14327,-10523.99019815826,17632.898429536435,-0.7345564457428814
H2,0.5,0,300,8571,-5857.384271168714,18923.041280492405,-0.6833956680864209
H2,0.5,1,10,21355,-19640.42514433615,27678.76984525628,-0.9197108473114564
H2,0.5,1,50,14231,-12180.529094923455,19725.47209454494,-0.8559151918293483
H2,0.5,1,300,8560,-7134.133883547502,20310.096028824362,-0.8334268555546147
H2,0.5,5,10,19756,-18391.46393352499,24966.5041845318,-0.9309305493786691
H2,0.5,5,50,13913,-12385.68671401622,19698.040670550727,-0.8902240145199611
H2,0.5,5,300,8533,-7392.480270628474,20257.242436729346,-0.8663401231253338
H2,0.5,10,10,18404,-17029.34543671227,22571.390213790088,-0.9253067505277259
H2,0.5,10,50,13571,-12112.453425397625,18837.007180432473,-0.892524753179399
H2,0.5,10,300,8477,-7375.711795136676,19789.43685889127,-0.8700851474739503
H2,0.75,0,10,13723,-11312.83175475317,15801.13300932123,-0.8243701635759797
H2,0.75,0,50,7836,-5903.783478454814,10842.462659816698,-0.7534180038865256
H2,0.75,0,300,3186,-2133.1032082985657,10190.144326812204,-0.6695239197421738
H2,0.75,1,10,13389,-11850.148722706075,16256.836552487948,-0.885066003637768
H2,0.75,1,50,7769,-6459.02492436298,11143.455368508201,-0.8313843383141948
H2,0.75,1,300,3175,-2506.4001319438503,10487.36702128029,-0.7894173643917639
H2,0.75,5,10,12230,-10949.495861896043,14469.208132160129,-0.8952981080863486
H2,0.75,5,50,7517,-6529.777968618917,11068.287623729504,-0.868668081497794
H2,0.75,5,300,3149,-2600.003198761881,9867.205837153597,-0.8256599551482632
H2,0.75,10,10,11206,-9971.391984932596,13157.2259464551,-0.8898261632101192
H2,0.75,10,50,7224,-6300.262575488804,10603.12633752445,-0.87212937091484
H2,0.75,10,300,3116,-2599.554214183394,9941.69861074823,-0.8342600173887657
H2,1.0,0,10,1829,-1960.6569642072936,5725.204100774193,-1.071983031277908
H2,1.0,0,50,1217,-1030.482424358595,5038.638301203174,-0.8467398721105956
H2,1.0,0,300,778,-452.76801232021336,6338.945136550284,-0.5819640261185262
H2,1.0,1,10,1791,-2275.0778936366173,6088.772653095255,-1.2702835810366373
H2,1.0,1,50,1210,-1265.706260468596,5046.751875535816,-1.046038231792228
H2,1.0,1,300,778,-644.852835563078,6447.052811294191,-0.8288596858137249
H2,1.0,5,10,1662,-2209.194547365355,5547.1825157736985,-1.3292385964893834
H2,1.0,5,50,1192,-1365.338385079644,4839.982976154914,-1.145418108288292
H2,1.0,5,300,774,-716.8738735172166,6131.002990516584,-0.9261936350351635
H2,1.0,10,10,1543,-1983.4814548621634,4753.719812574088,-1.2854708067804042
H2,1.0,10,50,1164,-1371.2410320035365,4486.022840434648,-1.1780421237143783
H2,1.0,10,300,773,-711.3312027225966,5952.245449609792,-0.9202214782957265
H2,1.5,0,10,311,-514.6410826837239,2442.148911976361,-1.6547944780827135
H2,1.5,0,50,205,-226.1595786771566,2203.8132838692986,-1.1032174569617395
H2,1.5,0,300,141,-119.4359933595668,4062.416545204439,-0.847063782691963
H2,1.5,1,10,301,-604.0481921152972,2557.233031896479,-2.006804624967765
H2,1.5,1,50,202,-300.7605861344036,2357.288507272475,-1.4889137927445721
H2,1.5,1,300,141,-196.58862192418255,3907.53078000275,-1.3942455455615783
H2,1.5,5,10,278,-603.4383512659341,2139.061435921689,-2.1706415513163098
H2,1.5,5,50,201,-375.94095974450676,2476.312130887173,-1.87035303355476
H2,1.5,5,300,141,-251.65669563336303,3957.028085089372,-1.7847992598110853
H2,1.5,10,10,262,-557.4080361004002,2096.136445342499,-2.127511588169466
H2,1.5,10,50,198,-377.3143766317553,2191.0843470555083,-1.905628164806845
H2,1.5,10,300,141,-254.35084119347948,3510.513528650928,-1.8039066751310602
